TrialIndex,SessionIndex,TargetRule,Choice,CuePosition,Reward,RuleChangeTrials,NewSessionTrials
1,1,go right,right,left,yes,0,0
2,1,go right,right,right,yes,0,0
3,1,go right,left,left,no,0,0
4,1,go right,right,right,yes,0,0
5,1,go right,left,left,no,0,0
6,1,go right,left,right,no,0,0
7,1,go right,left,left,no,0,0
8,1,go right,right,right,yes,0,0
9,1,go right,right,right,yes,0,0
10,1,go right,left,left,no,0,0
11,1,go right,right,right,yes,0,0
12,1,go right,left,left,no,0,0
13,1,go right,left,left,no,0,0
14,1,go right,right,right,yes,0,0
15,1,go right,left,left,no,0,0
16,1,go right,right,right,yes,0,0
17,1,go right,left,left,no,0,0
18,1,go right,right,right,yes,0,0
19,1,go right,right,right,yes,0,0
20,1,go right,left,left,no,0,0
21,1,go right,right,right,yes,0,0
22,1,go right,left,left,no,0,0
23,1,go right,right,left,yes,0,0
24,1,go right,right,right,yes,0,0
25,1,go right,right,right,yes,0,0
26,1,go right,right,left,yes,0,0
27,1,go right,right,left,yes,0,0
28,1,go right,right,right,yes,0,0
29,1,go right,left,right,no,0,0
30,1,go right,left,left,no,0,0
31,1,go right,right,left,yes,0,0
32,1,go right,right,right,yes,0,0
33,1,go right,left,right,no,0,0
34,1,go right,left,left,no,0,0
35,1,go right,right,right,yes,0,0
36,1,go right,left,left,no,0,0
37,1,go right,right,left,yes,0,0
38,1,go right,left,right,no,0,0
39,1,go right,right,right,yes,0,0
40,1,go right,left,left,no,0,0
41,1,go right,right,left,yes,0,0
42,1,go right,right,right,yes,0,0
43,1,go right,left,left,no,0,0
44,1,go right,right,right,yes,0,0
45,1,go right,right,right,yes,0,0
46,1,go right,right,left,yes,0,0
47,1,go right,left,left,no,0,0
48,1,go right,right,right,yes,0,0
49,1,go right,right,right,yes,0,0
50,1,go right,left,left,no,0,0
51,1,go right,right,right,yes,0,0
52,1,go right,left,left,no,0,0
53,1,go right,left,left,no,0,0
54,1,go right,right,right,yes,0,0
55,1,go right,left,left,no,0,0
56,1,go right,right,right,yes,0,0
57,1,go right,left,left,no,0,0
58,1,go right,right,right,yes,0,0
59,1,go right,right,left,yes,0,0
60,1,go right,right,right,yes,0,0
61,1,go right,right,left,yes,0,0
62,1,go right,right,right,yes,0,0
63,1,go right,left,left,no,0,0
64,1,go right,right,right,yes,0,0
65,1,go right,right,right,yes,0,0
66,1,go right,right,left,yes,0,0
67,1,go right,right,left,yes,0,0
68,1,go right,right,right,yes,0,0
69,1,go right,right,right,yes,0,0
70,1,go right,right,left,yes,0,0
71,1,go right,right,left,yes,0,0
72,1,go right,right,right,yes,0,0
73,1,go right,right,left,yes,0,0
74,1,go right,right,right,yes,0,0
75,1,go right,right,left,yes,0,0
76,1,go right,right,right,yes,0,0
77,1,go right,right,right,yes,0,0
78,1,go right,right,left,yes,0,0
79,1,go right,right,right,yes,0,0
80,1,go right,right,left,yes,0,0
81,1,go right,right,left,yes,0,0
82,1,go right,right,right,yes,0,0
83,1,go right,right,right,yes,0,0
84,1,go right,right,left,yes,0,0
85,1,go right,right,right,yes,0,0
86,1,go right,right,left,yes,0,0
87,1,go right,left,right,no,0,0
88,1,go right,left,left,no,0,0
89,1,go right,right,left,yes,0,0
90,1,go right,right,right,yes,0,0
91,1,go right,right,left,yes,0,0
92,1,go right,right,right,yes,0,0
93,1,go right,right,right,yes,0,0
94,1,go right,right,left,yes,0,0
95,1,go right,right,left,yes,0,0
96,1,go right,right,right,yes,0,0
97,1,go right,right,right,yes,0,0
98,1,go right,left,left,no,0,0
99,1,go right,right,right,yes,0,0
100,1,go right,right,left,yes,0,0
101,1,go right,left,left,no,0,0
102,1,go right,right,right,yes,0,0
103,1,go right,right,right,yes,0,0
104,1,go right,right,left,yes,0,0
105,1,go right,right,right,yes,0,0
106,1,go right,right,left,yes,0,0
107,1,go right,right,left,yes,0,0
108,1,go right,right,right,yes,0,0
109,1,go right,right,right,yes,0,0
110,1,go right,right,left,yes,0,0
111,1,go right,right,right,yes,0,0
112,1,go right,right,left,yes,0,0
113,1,go right,right,right,yes,0,0
114,1,go right,right,left,yes,0,0
115,1,go right,right,right,yes,0,0
116,1,go right,right,left,yes,0,0
117,1,go right,right,left,yes,0,0
118,1,go right,right,right,yes,0,0
119,1,go right,right,right,yes,0,0
120,1,go right,right,left,yes,0,0
121,1,go right,right,left,yes,0,0
122,1,go right,right,right,yes,0,0
123,1,go right,right,left,yes,0,0
124,1,go right,right,right,yes,0,0
125,1,go right,right,left,yes,0,0
126,1,go right,right,right,yes,0,0
127,1,go right,right,right,yes,0,0
128,1,go right,right,left,yes,0,0
129,1,go right,left,left,no,0,0
130,1,go right,right,right,yes,0,0
131,1,go right,right,left,yes,0,0
132,1,go right,right,right,yes,0,0
133,1,go right,right,right,yes,0,0
134,1,go right,right,left,yes,0,0
135,1,go right,right,left,yes,0,0
136,1,go right,right,right,yes,0,0
137,1,go right,right,right,yes,0,0
138,1,go right,right,left,yes,0,0
139,1,go right,right,right,yes,0,0
140,1,go right,omission,left,no,0,0
141,1,go right,right,left,yes,0,0
142,1,go right,right,right,yes,0,0
143,1,go right,right,left,yes,0,0
144,1,go right,right,right,yes,0,0
145,1,go right,right,left,yes,0,0
146,1,go right,right,right,yes,0,0
147,1,go right,right,left,yes,0,0
148,1,go right,right,right,yes,0,0
149,1,go right,right,left,yes,0,0
150,1,go right,right,right,yes,0,0
151,2,go right,right,left,yes,0,1
152,2,go right,right,right,yes,0,0
153,2,go right,right,left,yes,0,0
154,2,go right,right,right,yes,0,0
155,2,go right,right,left,yes,0,0
156,2,go right,right,right,yes,0,0
157,2,go right,right,left,yes,0,0
158,2,go right,right,right,yes,0,0
159,2,go right,right,right,yes,0,0
160,2,go right,right,left,yes,0,0
161,2,go right,right,left,yes,0,0
162,2,go right,right,right,yes,0,0
163,2,go right,right,right,yes,0,0
164,2,go right,right,left,yes,0,0
165,2,go right,left,left,no,0,0
166,2,go right,right,right,yes,0,0
167,2,go right,right,right,yes,0,0
168,2,go right,right,left,yes,0,0
169,2,go right,right,left,yes,0,0
170,2,go right,right,right,yes,0,0
171,2,go to the lit arm,right,left,no,1,0
172,2,go to the lit arm,right,right,yes,0,0
173,2,go to the lit arm,right,left,no,0,0
174,2,go to the lit arm,right,right,yes,0,0
175,2,go to the lit arm,right,right,yes,0,0
176,2,go to the lit arm,left,left,yes,0,0
177,2,go to the lit arm,right,left,no,0,0
178,2,go to the lit arm,right,right,yes,0,0
179,2,go to the lit arm,right,right,yes,0,0
180,2,go to the lit arm,right,left,no,0,0
181,2,go to the lit arm,right,right,yes,0,0
182,2,go to the lit arm,right,left,no,0,0
183,2,go to the lit arm,right,right,yes,0,0
184,2,go to the lit arm,right,left,no,0,0
185,2,go to the lit arm,right,right,yes,0,0
186,2,go to the lit arm,right,left,no,0,0
187,2,go to the lit arm,right,left,no,0,0
188,2,go to the lit arm,right,right,yes,0,0
189,2,go to the lit arm,right,left,no,0,0
190,2,go to the lit arm,right,right,yes,0,0
191,2,go to the lit arm,right,left,no,0,0
192,2,go to the lit arm,right,right,yes,0,0
193,2,go to the lit arm,right,left,no,0,0
194,2,go to the lit arm,right,right,yes,0,0
195,2,go to the lit arm,right,right,yes,0,0
196,2,go to the lit arm,right,left,no,0,0
197,2,go to the lit arm,right,right,yes,0,0
198,2,go to the lit arm,right,left,no,0,0
199,2,go to the lit arm,right,left,no,0,0
200,2,go to the lit arm,right,right,yes,0,0
201,2,go to the lit arm,right,right,yes,0,0
202,2,go to the lit arm,right,left,no,0,0
203,2,go to the lit arm,right,left,no,0,0
204,2,go to the lit arm,right,right,yes,0,0
205,2,go to the lit arm,right,left,no,0,0
206,2,go to the lit arm,right,right,yes,0,0
207,2,go to the lit arm,right,right,yes,0,0
208,2,go to the lit arm,right,left,no,0,0
209,2,go to the lit arm,right,left,no,0,0
210,2,go to the lit arm,right,right,yes,0,0
211,2,go to the lit arm,right,right,yes,0,0
212,2,go to the lit arm,right,left,no,0,0
213,2,go to the lit arm,right,left,no,0,0
214,2,go to the lit arm,right,right,yes,0,0
215,2,go to the lit arm,right,left,no,0,0
216,2,go to the lit arm,right,right,yes,0,0
217,2,go to the lit arm,right,left,no,0,0
218,2,go to the lit arm,right,right,yes,0,0
219,2,go to the lit arm,right,right,yes,0,0
220,2,go to the lit arm,right,left,no,0,0
221,2,go to the lit arm,right,left,no,0,0
222,2,go to the lit arm,right,right,yes,0,0
223,2,go to the lit arm,left,left,yes,0,0
224,2,go to the lit arm,right,right,yes,0,0
225,2,go to the lit arm,right,left,no,0,0
226,2,go to the lit arm,right,right,yes,0,0
227,2,go to the lit arm,right,right,yes,0,0
228,2,go to the lit arm,right,left,no,0,0
229,2,go to the lit arm,right,right,yes,0,0
230,2,go to the lit arm,right,left,no,0,0
231,2,go to the lit arm,right,right,yes,0,0
232,2,go to the lit arm,right,left,no,0,0
233,2,go to the lit arm,right,right,yes,0,0
234,2,go to the lit arm,right,left,no,0,0
235,2,go to the lit arm,right,left,no,0,0
236,2,go to the lit arm,right,right,yes,0,0
237,2,go to the lit arm,right,left,no,0,0
238,2,go to the lit arm,right,right,yes,0,0
239,2,go to the lit arm,right,right,yes,0,0
240,2,go to the lit arm,right,left,no,0,0
241,2,go to the lit arm,right,right,yes,0,0
242,2,go to the lit arm,left,left,yes,0,0
243,2,go to the lit arm,right,left,no,0,0
244,2,go to the lit arm,right,right,yes,0,0
245,2,go to the lit arm,right,right,yes,0,0
246,2,go to the lit arm,right,left,no,0,0
247,2,go to the lit arm,right,right,yes,0,0
248,2,go to the lit arm,left,left,yes,0,0
249,2,go to the lit arm,left,right,no,0,0
250,2,go to the lit arm,right,left,no,0,0
251,2,go to the lit arm,right,left,no,0,0
252,2,go to the lit arm,right,right,yes,0,0
253,2,go to the lit arm,right,right,yes,0,0
254,2,go to the lit arm,right,left,no,0,0
255,2,go to the lit arm,right,right,yes,0,0
256,2,go to the lit arm,right,left,no,0,0
257,2,go to the lit arm,right,left,no,0,0
258,2,go to the lit arm,right,right,yes,0,0
259,2,go to the lit arm,right,right,yes,0,0
260,2,go to the lit arm,right,left,no,0,0
261,2,go to the lit arm,right,left,no,0,0
262,2,go to the lit arm,right,right,yes,0,0
263,2,go to the lit arm,right,left,no,0,0
264,2,go to the lit arm,right,right,yes,0,0
265,2,go to the lit arm,right,left,no,0,0
266,2,go to the lit arm,right,right,yes,0,0
267,2,go to the lit arm,right,left,no,0,0
268,2,go to the lit arm,right,right,yes,0,0
269,2,go to the lit arm,right,left,no,0,0
270,2,go to the lit arm,right,right,yes,0,0
271,2,go to the lit arm,right,right,yes,0,0
272,2,go to the lit arm,right,left,no,0,0
273,2,go to the lit arm,right,right,yes,0,0
274,2,go to the lit arm,right,left,no,0,0
275,2,go to the lit arm,right,left,no,0,0
276,2,go to the lit arm,right,right,yes,0,0
277,2,go to the lit arm,right,right,yes,0,0
278,2,go to the lit arm,right,left,no,0,0
279,2,go to the lit arm,right,left,no,0,0
280,2,go to the lit arm,right,right,yes,0,0
281,2,go to the lit arm,right,right,yes,0,0
282,2,go to the lit arm,right,left,no,0,0
283,2,go to the lit arm,right,right,yes,0,0
284,2,go to the lit arm,right,left,no,0,0
285,2,go to the lit arm,right,right,yes,0,0
286,2,go to the lit arm,right,left,no,0,0
287,2,go to the lit arm,right,right,yes,0,0
288,2,go to the lit arm,right,left,no,0,0
289,2,go to the lit arm,right,left,no,0,0
290,2,go to the lit arm,right,right,yes,0,0
291,2,go to the lit arm,right,left,no,0,0
292,2,go to the lit arm,right,right,yes,0,0
293,2,go to the lit arm,right,left,no,0,0
294,2,go to the lit arm,omission,right,no,0,0
295,2,go to the lit arm,omission,right,no,0,0
296,2,go to the lit arm,omission,left,no,0,0
297,2,go to the lit arm,omission,left,no,0,0
298,2,go to the lit arm,omission,right,no,0,0
299,2,go to the lit arm,omission,left,no,0,0
300,2,go to the lit arm,omission,right,no,0,0
301,2,go to the lit arm,right,right,yes,0,0
302,2,go to the lit arm,right,left,no,0,0
303,2,go to the lit arm,omission,left,no,0,0
304,2,go to the lit arm,right,right,yes,0,0
305,2,go to the lit arm,right,left,no,0,0
306,2,go to the lit arm,right,right,yes,0,0
307,2,go to the lit arm,right,left,no,0,0
308,2,go to the lit arm,right,right,yes,0,0
309,2,go to the lit arm,right,left,no,0,0
310,2,go to the lit arm,right,right,yes,0,0
311,2,go to the lit arm,right,right,yes,0,0
312,2,go to the lit arm,right,left,no,0,0
313,2,go to the lit arm,right,right,yes,0,0
314,2,go to the lit arm,right,left,no,0,0
315,2,go to the lit arm,right,right,yes,0,0
316,2,go to the lit arm,right,left,no,0,0
317,2,go to the lit arm,right,right,yes,0,0
318,2,go to the lit arm,right,left,no,0,0
319,2,go to the lit arm,right,right,yes,0,0
320,2,go to the lit arm,omission,left,no,0,0
321,2,go to the lit arm,right,left,no,0,0
322,2,go to the lit arm,right,right,yes,0,0
323,2,go to the lit arm,right,right,yes,0,0
324,2,go to the lit arm,omission,left,no,0,0
325,2,go to the lit arm,omission,left,no,0,0
326,2,go to the lit arm,right,right,yes,0,0
327,2,go to the lit arm,omission,left,no,0,0
328,2,go to the lit arm,omission,right,no,0,0
329,2,go to the lit arm,omission,left,no,0,0
330,2,go to the lit arm,omission,right,no,0,0
331,3,go to the lit arm,right,left,no,0,1
332,3,go to the lit arm,right,right,yes,0,0
333,3,go to the lit arm,right,left,no,0,0
334,3,go to the lit arm,right,right,yes,0,0
335,3,go to the lit arm,right,left,no,0,0
336,3,go to the lit arm,right,right,yes,0,0
337,3,go to the lit arm,right,left,no,0,0
338,3,go to the lit arm,right,right,yes,0,0
339,3,go to the lit arm,right,right,yes,0,0
340,3,go to the lit arm,right,left,no,0,0
341,3,go to the lit arm,right,right,yes,0,0
342,3,go to the lit arm,right,left,no,0,0
343,3,go to the lit arm,right,left,no,0,0
344,3,go to the lit arm,right,right,yes,0,0
345,3,go to the lit arm,right,right,yes,0,0
346,3,go to the lit arm,right,left,no,0,0
347,3,go to the lit arm,right,right,yes,0,0
348,3,go to the lit arm,right,left,no,0,0
349,3,go to the lit arm,right,right,yes,0,0
350,3,go to the lit arm,right,left,no,0,0
351,3,go to the lit arm,right,right,yes,0,0
352,3,go to the lit arm,right,left,no,0,0
353,3,go to the lit arm,right,left,no,0,0
354,3,go to the lit arm,right,right,yes,0,0
355,3,go to the lit arm,right,right,yes,0,0
356,3,go to the lit arm,right,left,no,0,0
357,3,go to the lit arm,right,left,no,0,0
358,3,go to the lit arm,right,right,yes,0,0
359,3,go to the lit arm,right,right,yes,0,0
360,3,go to the lit arm,right,left,no,0,0
361,3,go to the lit arm,right,left,no,0,0
362,3,go to the lit arm,right,right,yes,0,0
363,3,go to the lit arm,right,right,yes,0,0
364,3,go to the lit arm,right,left,no,0,0
365,3,go to the lit arm,right,left,no,0,0
366,3,go to the lit arm,right,right,yes,0,0
367,3,go to the lit arm,right,left,no,0,0
368,3,go to the lit arm,right,right,yes,0,0
369,3,go to the lit arm,right,left,no,0,0
370,3,go to the lit arm,right,right,yes,0,0
371,3,go to the lit arm,right,right,yes,0,0
372,3,go to the lit arm,right,left,no,0,0
373,3,go to the lit arm,right,left,no,0,0
374,3,go to the lit arm,right,right,yes,0,0
375,3,go to the lit arm,right,left,no,0,0
376,3,go to the lit arm,right,right,yes,0,0
377,3,go to the lit arm,right,left,no,0,0
378,3,go to the lit arm,right,right,yes,0,0
379,3,go to the lit arm,right,right,yes,0,0
380,3,go to the lit arm,right,left,no,0,0
381,3,go to the lit arm,right,right,yes,0,0
382,3,go to the lit arm,right,left,no,0,0
383,3,go to the lit arm,right,right,yes,0,0
384,3,go to the lit arm,left,left,yes,0,0
385,3,go to the lit arm,right,left,no,0,0
386,3,go to the lit arm,right,right,yes,0,0
387,3,go to the lit arm,right,right,yes,0,0
388,3,go to the lit arm,right,left,no,0,0
389,3,go to the lit arm,right,right,yes,0,0
390,3,go to the lit arm,right,left,no,0,0
391,3,go to the lit arm,right,right,yes,0,0
392,3,go to the lit arm,right,left,no,0,0
393,3,go to the lit arm,right,right,yes,0,0
394,3,go to the lit arm,right,left,no,0,0
395,3,go to the lit arm,right,right,yes,0,0
396,3,go to the lit arm,right,left,no,0,0
397,3,go to the lit arm,right,left,no,0,0
398,3,go to the lit arm,right,right,yes,0,0
399,3,go to the lit arm,right,right,yes,0,0
400,3,go to the lit arm,right,left,no,0,0
401,3,go to the lit arm,right,right,yes,0,0
402,3,go to the lit arm,right,left,no,0,0
403,3,go to the lit arm,right,right,yes,0,0
404,3,go to the lit arm,right,left,no,0,0
405,3,go to the lit arm,right,left,no,0,0
406,3,go to the lit arm,right,right,yes,0,0
407,3,go to the lit arm,right,right,yes,0,0
408,3,go to the lit arm,right,left,no,0,0
409,3,go to the lit arm,right,right,yes,0,0
410,3,go to the lit arm,left,left,yes,0,0
411,3,go to the lit arm,right,left,no,0,0
412,3,go to the lit arm,right,right,yes,0,0
413,3,go to the lit arm,right,left,no,0,0
414,3,go to the lit arm,right,right,yes,0,0
415,3,go to the lit arm,right,right,yes,0,0
416,3,go to the lit arm,right,left,no,0,0
417,3,go to the lit arm,right,right,yes,0,0
418,3,go to the lit arm,right,left,no,0,0
419,3,go to the lit arm,right,left,no,0,0
420,3,go to the lit arm,right,right,yes,0,0
421,3,go to the lit arm,right,right,yes,0,0
422,3,go to the lit arm,left,left,yes,0,0
423,3,go to the lit arm,right,right,yes,0,0
424,3,go to the lit arm,right,left,no,0,0
425,3,go to the lit arm,left,left,yes,0,0
426,3,go to the lit arm,left,right,no,0,0
427,3,go to the lit arm,right,right,yes,0,0
428,3,go to the lit arm,right,left,no,0,0
429,3,go to the lit arm,right,left,no,0,0
430,3,go to the lit arm,right,right,yes,0,0
431,3,go to the lit arm,right,right,yes,0,0
432,3,go to the lit arm,right,left,no,0,0
433,3,go to the lit arm,right,left,no,0,0
434,3,go to the lit arm,right,right,yes,0,0
435,3,go to the lit arm,right,left,no,0,0
436,3,go to the lit arm,right,right,yes,0,0
437,3,go to the lit arm,right,right,yes,0,0
438,3,go to the lit arm,right,left,no,0,0
439,3,go to the lit arm,left,right,no,0,0
440,3,go to the lit arm,right,left,no,0,0
441,3,go to the lit arm,right,right,yes,0,0
442,3,go to the lit arm,right,left,no,0,0
443,3,go to the lit arm,right,right,yes,0,0
444,3,go to the lit arm,right,left,no,0,0
445,3,go to the lit arm,right,left,no,0,0
446,3,go to the lit arm,right,right,yes,0,0
447,3,go to the lit arm,right,right,yes,0,0
448,3,go to the lit arm,right,left,no,0,0
449,3,go to the lit arm,right,right,yes,0,0
450,3,go to the lit arm,right,left,no,0,0
451,3,go to the lit arm,right,right,yes,0,0
452,3,go to the lit arm,right,left,no,0,0
453,3,go to the lit arm,right,right,yes,0,0
454,3,go to the lit arm,right,left,no,0,0
455,3,go to the lit arm,left,left,yes,0,0
456,3,go to the lit arm,right,right,yes,0,0
457,3,go to the lit arm,right,left,no,0,0
458,3,go to the lit arm,right,right,yes,0,0
459,3,go to the lit arm,right,right,yes,0,0
460,3,go to the lit arm,right,left,no,0,0
461,3,go to the lit arm,right,right,yes,0,0
462,3,go to the lit arm,right,left,no,0,0
463,3,go to the lit arm,left,left,yes,0,0
464,3,go to the lit arm,right,right,yes,0,0
465,3,go to the lit arm,right,right,yes,0,0
466,3,go to the lit arm,right,left,no,0,0
467,3,go to the lit arm,right,right,yes,0,0
468,3,go to the lit arm,left,left,yes,0,0
469,3,go to the lit arm,left,left,yes,0,0
470,3,go to the lit arm,right,right,yes,0,0
471,3,go to the lit arm,right,right,yes,0,0
472,3,go to the lit arm,right,left,no,0,0
473,3,go to the lit arm,right,right,yes,0,0
474,3,go to the lit arm,right,left,no,0,0
475,3,go to the lit arm,left,left,yes,0,0
476,3,go to the lit arm,right,right,yes,0,0
477,3,go to the lit arm,right,right,yes,0,0
478,3,go to the lit arm,right,left,no,0,0
479,3,go to the lit arm,left,left,yes,0,0
480,3,go to the lit arm,right,right,yes,0,0
481,4,go to the lit arm,right,right,yes,0,1
482,4,go to the lit arm,right,left,no,0,0
483,4,go to the lit arm,right,right,yes,0,0
484,4,go to the lit arm,right,left,no,0,0
485,4,go to the lit arm,right,right,yes,0,0
486,4,go to the lit arm,right,left,no,0,0
487,4,go to the lit arm,right,left,no,0,0
488,4,go to the lit arm,right,right,yes,0,0
489,4,go to the lit arm,right,right,yes,0,0
490,4,go to the lit arm,right,left,no,0,0
491,4,go to the lit arm,right,left,no,0,0
492,4,go to the lit arm,right,right,yes,0,0
493,4,go to the lit arm,right,right,yes,0,0
494,4,go to the lit arm,right,left,no,0,0
495,4,go to the lit arm,right,right,yes,0,0
496,4,go to the lit arm,right,left,no,0,0
497,4,go to the lit arm,right,left,no,0,0
498,4,go to the lit arm,right,right,yes,0,0
499,4,go to the lit arm,left,right,no,0,0
500,4,go to the lit arm,right,left,no,0,0
501,4,go to the lit arm,left,left,yes,0,0
502,4,go to the lit arm,right,right,yes,0,0
503,4,go to the lit arm,left,right,no,0,0
504,4,go to the lit arm,right,left,no,0,0
505,4,go to the lit arm,right,left,no,0,0
506,4,go to the lit arm,right,right,yes,0,0
507,4,go to the lit arm,right,right,yes,0,0
508,4,go to the lit arm,right,left,no,0,0
509,4,go to the lit arm,right,right,yes,0,0
510,4,go to the lit arm,right,left,no,0,0
511,4,go to the lit arm,right,right,yes,0,0
512,4,go to the lit arm,right,left,no,0,0
513,4,go to the lit arm,left,left,yes,0,0
514,4,go to the lit arm,right,right,yes,0,0
515,4,go to the lit arm,left,left,yes,0,0
516,4,go to the lit arm,right,right,yes,0,0
517,4,go to the lit arm,right,right,yes,0,0
518,4,go to the lit arm,left,left,yes,0,0
519,4,go to the lit arm,right,right,yes,0,0
520,4,go to the lit arm,right,left,no,0,0
521,4,go to the lit arm,right,left,no,0,0
522,4,go to the lit arm,right,right,yes,0,0
523,4,go to the lit arm,right,left,no,0,0
524,4,go to the lit arm,right,right,yes,0,0
525,4,go to the lit arm,right,right,yes,0,0
526,4,go to the lit arm,left,left,yes,0,0
527,4,go to the lit arm,left,left,yes,0,0
528,4,go to the lit arm,right,right,yes,0,0
529,4,go to the lit arm,right,right,yes,0,0
530,4,go to the lit arm,right,left,no,0,0
531,4,go to the lit arm,right,right,yes,0,0
532,4,go to the lit arm,right,left,no,0,0
533,4,go to the lit arm,left,left,yes,0,0
534,4,go to the lit arm,right,right,yes,0,0
535,4,go to the lit arm,left,right,no,0,0
536,4,go to the lit arm,left,left,yes,0,0
537,4,go to the lit arm,right,right,yes,0,0
538,4,go to the lit arm,left,left,yes,0,0
539,4,go to the lit arm,left,right,no,0,0
540,4,go to the lit arm,right,left,no,0,0
541,4,go to the lit arm,right,right,yes,0,0
542,4,go to the lit arm,left,left,yes,0,0
543,4,go to the lit arm,left,left,yes,0,0
544,4,go to the lit arm,left,right,no,0,0
545,4,go to the lit arm,right,right,yes,0,0
546,4,go to the lit arm,right,left,no,0,0
547,4,go to the lit arm,right,right,yes,0,0
548,4,go to the lit arm,left,left,yes,0,0
549,4,go to the lit arm,left,left,yes,0,0
550,4,go to the lit arm,right,right,yes,0,0
551,4,go to the lit arm,left,left,yes,0,0
552,4,go to the lit arm,right,right,yes,0,0
553,4,go to the lit arm,left,left,yes,0,0
554,4,go to the lit arm,right,right,yes,0,0
555,4,go to the lit arm,right,left,no,0,0
556,4,go to the lit arm,right,right,yes,0,0
557,4,go to the lit arm,right,right,yes,0,0
558,4,go to the lit arm,right,left,no,0,0
559,4,go to the lit arm,left,left,yes,0,0
560,4,go to the lit arm,right,right,yes,0,0
561,4,go to the lit arm,right,left,no,0,0
562,4,go to the lit arm,right,right,yes,0,0
563,4,go to the lit arm,left,right,no,0,0
564,4,go to the lit arm,left,left,yes,0,0
565,4,go to the lit arm,right,left,no,0,0
566,4,go to the lit arm,left,right,no,0,0
567,4,go to the lit arm,left,left,yes,0,0
568,4,go to the lit arm,right,right,yes,0,0
569,4,go to the lit arm,right,left,no,0,0
570,4,go to the lit arm,left,right,no,0,0
571,4,go to the lit arm,left,right,no,0,0
572,4,go to the lit arm,right,left,no,0,0
573,4,go to the lit arm,right,right,yes,0,0
574,4,go to the lit arm,left,left,yes,0,0
575,4,go to the lit arm,right,right,yes,0,0
576,4,go to the lit arm,left,left,yes,0,0
577,4,go to the lit arm,left,left,yes,0,0
578,4,go to the lit arm,right,right,yes,0,0
579,4,go to the lit arm,right,left,no,0,0
580,4,go to the lit arm,right,right,yes,0,0
581,4,go to the lit arm,left,left,yes,0,0
582,4,go to the lit arm,right,right,yes,0,0
583,4,go to the lit arm,right,right,yes,0,0
584,4,go to the lit arm,left,left,yes,0,0
585,4,go to the lit arm,left,right,no,0,0
586,4,go to the lit arm,left,left,yes,0,0
587,4,go to the lit arm,right,right,yes,0,0
588,4,go to the lit arm,right,left,no,0,0
589,4,go to the lit arm,left,left,yes,0,0
590,4,go to the lit arm,right,right,yes,0,0
591,4,go to the lit arm,right,right,yes,0,0
592,4,go to the lit arm,left,left,yes,0,0
593,4,go to the lit arm,right,left,no,0,0
594,4,go to the lit arm,right,right,yes,0,0
595,4,go to the lit arm,left,left,yes,0,0
596,4,go to the lit arm,left,right,no,0,0
597,4,go to the lit arm,right,right,yes,0,0
598,4,go to the lit arm,right,left,no,0,0
599,4,go to the lit arm,right,right,yes,0,0
600,4,go to the lit arm,left,left,yes,0,0
601,4,go to the lit arm,left,left,yes,0,0
602,4,go to the lit arm,right,right,yes,0,0
603,4,go to the lit arm,left,left,yes,0,0
604,4,go to the lit arm,right,right,yes,0,0
605,4,go to the lit arm,left,left,yes,0,0
606,4,go to the lit arm,left,right,no,0,0
607,4,go to the lit arm,right,left,no,0,0
608,4,go to the lit arm,left,right,no,0,0
609,4,go to the lit arm,left,right,no,0,0
610,4,go to the lit arm,right,left,no,0,0
611,4,go to the lit arm,right,left,no,0,0
612,4,go to the lit arm,right,right,yes,0,0
613,4,go to the lit arm,left,left,yes,0,0
614,4,go to the lit arm,right,right,yes,0,0
615,4,go to the lit arm,right,right,yes,0,0
616,4,go to the lit arm,left,left,yes,0,0
617,4,go to the lit arm,right,right,yes,0,0
618,4,go to the lit arm,right,left,no,0,0
619,4,go to the lit arm,left,right,no,0,0
620,4,go to the lit arm,left,left,yes,0,0
621,4,go to the lit arm,right,right,yes,0,0
622,4,go to the lit arm,left,left,yes,0,0
623,4,go to the lit arm,left,left,yes,0,0
624,4,go to the lit arm,left,right,no,0,0
625,4,go to the lit arm,right,right,yes,0,0
626,4,go to the lit arm,right,left,no,0,0
627,4,go to the lit arm,left,left,yes,0,0
628,4,go to the lit arm,right,right,yes,0,0
629,4,go to the lit arm,left,left,yes,0,0
630,4,go to the lit arm,right,right,yes,0,0
631,5,go to the lit arm,right,right,yes,0,1
632,5,go to the lit arm,right,left,no,0,0
633,5,go to the lit arm,right,left,no,0,0
634,5,go to the lit arm,right,right,yes,0,0
635,5,go to the lit arm,right,right,yes,0,0
636,5,go to the lit arm,left,left,yes,0,0
637,5,go to the lit arm,right,right,yes,0,0
638,5,go to the lit arm,left,left,yes,0,0
639,5,go to the lit arm,right,right,yes,0,0
640,5,go to the lit arm,left,left,yes,0,0
641,5,go to the lit arm,right,right,yes,0,0
642,5,go to the lit arm,left,left,yes,0,0
643,5,go to the lit arm,right,left,no,0,0
644,5,go to the lit arm,right,right,yes,0,0
645,5,go to the lit arm,right,left,no,0,0
646,5,go to the lit arm,right,right,yes,0,0
647,5,go to the lit arm,left,left,yes,0,0
648,5,go to the lit arm,right,right,yes,0,0
649,5,go to the lit arm,right,right,yes,0,0
650,5,go to the lit arm,left,left,yes,0,0
651,5,go to the lit arm,right,right,yes,0,0
652,5,go to the lit arm,right,left,no,0,0
653,5,go to the lit arm,right,right,yes,0,0
654,5,go to the lit arm,left,left,yes,0,0
655,5,go to the lit arm,right,left,no,0,0
656,5,go to the lit arm,right,right,yes,0,0
657,5,go to the lit arm,right,right,yes,0,0
658,5,go to the lit arm,left,left,yes,0,0
659,5,go to the lit arm,right,right,yes,0,0
660,5,go to the lit arm,right,left,no,0,0
661,5,go to the lit arm,left,left,yes,0,0
662,5,go to the lit arm,right,right,yes,0,0
663,5,go to the lit arm,omission,right,no,0,0
664,5,go to the lit arm,left,left,yes,0,0
665,5,go to the lit arm,right,right,yes,0,0
666,5,go to the lit arm,omission,left,no,0,0
667,5,go to the lit arm,left,right,no,0,0
668,5,go to the lit arm,right,left,no,0,0
669,5,go to the lit arm,right,left,no,0,0
670,5,go to the lit arm,right,right,yes,0,0
671,5,go to the lit arm,right,left,no,0,0
672,5,go to the lit arm,right,right,yes,0,0
673,5,go to the lit arm,right,right,yes,0,0
674,5,go to the lit arm,left,left,yes,0,0
675,5,go to the lit arm,right,right,yes,0,0
676,5,go to the lit arm,left,left,yes,0,0
677,5,go to the lit arm,right,right,yes,0,0
678,5,go to the lit arm,right,left,no,0,0
679,5,go to the lit arm,left,left,yes,0,0
680,5,go to the lit arm,right,right,yes,0,0
681,5,go to the lit arm,right,right,yes,0,0
682,5,go to the lit arm,right,left,no,0,0
683,5,go to the lit arm,right,right,yes,0,0
684,5,go to the lit arm,right,left,no,0,0
685,5,go to the lit arm,left,left,yes,0,0
686,5,go to the lit arm,left,right,no,0,0
687,5,go to the lit arm,left,right,no,0,0
688,5,go to the lit arm,right,left,no,0,0
689,5,go to the lit arm,left,left,yes,0,0
690,5,go to the lit arm,left,right,no,0,0
691,5,go to the lit arm,right,left,no,0,0
692,5,go to the lit arm,right,right,yes,0,0
693,5,go to the lit arm,right,left,no,0,0
694,5,go to the lit arm,right,right,yes,0,0
695,5,go to the lit arm,right,right,yes,0,0
696,5,go to the lit arm,left,left,yes,0,0
697,5,go to the lit arm,right,left,no,0,0
698,5,go to the lit arm,right,right,yes,0,0
699,5,go to the lit arm,left,left,yes,0,0
700,5,go to the lit arm,right,right,yes,0,0
701,5,go to the lit arm,left,left,yes,0,0
702,5,go to the lit arm,right,right,yes,0,0
703,5,go to the lit arm,right,left,no,0,0
704,5,go to the lit arm,right,right,yes,0,0
705,5,go to the lit arm,left,left,yes,0,0
706,5,go to the lit arm,right,right,yes,0,0
707,5,go to the lit arm,right,right,yes,0,0
708,5,go to the lit arm,left,left,yes,0,0
709,5,go to the lit arm,right,right,yes,0,0
710,5,go to the lit arm,left,left,yes,0,0
711,5,go to the lit arm,right,right,yes,0,0
712,5,go to the lit arm,right,left,no,0,0
713,5,go to the lit arm,right,left,no,0,0
714,5,go to the lit arm,left,right,no,0,0
715,5,go to the lit arm,right,right,yes,0,0
716,5,go to the lit arm,right,left,no,0,0
717,5,go to the lit arm,right,right,yes,0,0
718,5,go to the lit arm,right,left,no,0,0
719,5,go to the lit arm,left,left,yes,0,0
720,5,go to the lit arm,right,right,yes,0,0
721,5,go to the lit arm,right,left,no,0,0
722,5,go to the lit arm,right,right,yes,0,0
723,5,go to the lit arm,left,right,no,0,0
724,5,go to the lit arm,right,left,no,0,0
725,5,go to the lit arm,left,left,yes,0,0
726,5,go to the lit arm,right,right,yes,0,0
727,5,go to the lit arm,left,left,yes,0,0
728,5,go to the lit arm,right,right,yes,0,0
729,5,go to the lit arm,left,left,yes,0,0
730,5,go to the lit arm,right,right,yes,0,0
731,5,go to the lit arm,right,right,yes,0,0
732,5,go to the lit arm,left,left,yes,0,0
733,5,go to the lit arm,left,left,yes,0,0
734,5,go to the lit arm,right,right,yes,0,0
